player.name,team.name,position,age,market_value_raw,market_value_eur
Michael Zetterer,SV Werder Bremen,"Michael Zetterer            




            Goalkeeper",12/07/1995 (28),€3.00m,3000000.0
Jiri Pavlenka,SV Werder Bremen,"Jiri Pavlenka            




            Goalkeeper",14/04/1992 (32),€1.50m,1500000.0
Dudu,SV Werder Bremen,"Dudu            




            Goalkeeper",10/02/1999 (25),€200k,200000.0
Spyros Angelidis,SV Werder Bremen,"Spyros Angelidis            




            Goalkeeper",28/01/2005 (19),-,
Marco Friedl,SV Werder Bremen,"Marco Friedl  




            Centre-Back",16/03/1998 (26),€7.50m,7500000.0
Niklas Stark,SV Werder Bremen,"Niklas Stark            




            Centre-Back",14/04/1995 (29),€5.50m,5500000.0
Milos Veljkovic,SV Werder Bremen,"Milos Veljkovic            




            Centre-Back",26/09/1995 (28),€4.50m,4500000.0
Amos Pieper,SV Werder Bremen,"Amos Pieper  




            Centre-Back",17/01/1998 (26),€4.00m,4000000.0
Julián Malatini,SV Werder Bremen,"Julián Malatini            




            Centre-Back",31/05/2001 (23),€2.50m,2500000.0
Anthony Jung,SV Werder Bremen,"Anthony Jung            




            Centre-Back",03/11/1991 (32),€1.00m,1000000.0
Olivier Deman,SV Werder Bremen,"Olivier Deman            




            Left-Back",06/04/2000 (24),€5.00m,5000000.0
Felix Agu,SV Werder Bremen,"Felix Agu            




            Left-Back",27/09/1999 (24),€4.00m,4000000.0
Mitchell Weiser,SV Werder Bremen,"Mitchell Weiser  




            Right-Back",21/04/1994 (30),€6.00m,6000000.0
Senne Lynen,SV Werder Bremen,"Senne Lynen            




            Defensive Midfield",19/02/1999 (25),€7.00m,7000000.0
Ilia Gruev,SV Werder Bremen,"Ilia Gruev            




            Defensive Midfield",06/05/2000 (24),€5.00m,5000000.0
Skelly Alvero,SV Werder Bremen,"Skelly Alvero            




            Defensive Midfield",04/05/2002 (22),€4.00m,4000000.0
Nicolai Rapp,SV Werder Bremen,"Nicolai Rapp  




            Defensive Midfield",13/12/1996 (27),€700k,700000.0
Christian Groß,SV Werder Bremen,"Christian Groß            




            Defensive Midfield",08/02/1989 (35),€300k,300000.0
Jens Stage,SV Werder Bremen,"Jens Stage            




            Central Midfield",08/11/1996 (27),€7.50m,7500000.0
Leonardo Bittencourt,SV Werder Bremen,"Leonardo Bittencourt







 




            Central Midfield",19/12/1993 (30),€2.50m,2500000.0
Naby Keïta,SV Werder Bremen,"Naby Keïta            




            Central Midfield",10/02/1995 (29),€2.00m,2000000.0
Jakob Löpping,SV Werder Bremen,"Jakob Löpping            




            Central Midfield",20/06/2003 (21),€125k,125000.0
Cimo Röcker,SV Werder Bremen,"Cimo Röcker            




            Central Midfield",21/01/1994 (30),-,
Romano Schmid,SV Werder Bremen,"Romano Schmid            




            Attacking Midfield",27/01/2000 (24),€10.00m,10000000.0
Isak Hansen-Aarøen,SV Werder Bremen,"Isak Hansen-Aarøen            




            Attacking Midfield",22/08/2004 (19),€1.50m,1500000.0
Leon Opitz,SV Werder Bremen,"Leon Opitz            




            Attacking Midfield",11/04/2005 (19),€600k,600000.0
Kein Sato,SV Werder Bremen,"Kein Sato            




            Left Winger",11/07/2001 (22),-,
Justin Njinmah,SV Werder Bremen,"Justin Njinmah            




            Right Winger",15/11/2000 (23),€9.00m,9000000.0
Niclas Füllkrug,SV Werder Bremen,"Niclas Füllkrug            




            Centre-Forward",09/02/1993 (31),€15.00m,15000000.0
Marvin Ducksch,SV Werder Bremen,"Marvin Ducksch            




            Centre-Forward",07/03/1994 (30),€9.00m,9000000.0
Rafael Borré,SV Werder Bremen,"Rafael Borré            




            Centre-Forward",15/09/1995 (28),€8.00m,8000000.0
Nick Woltemade,SV Werder Bremen,"Nick Woltemade            




            Centre-Forward",14/02/2002 (22),€4.00m,4000000.0
Dawid Kownacki,SV Werder Bremen,"Dawid Kownacki

 




            Centre-Forward",14/03/1997 (27),€2.00m,2000000.0
Oliver Burke,SV Werder Bremen,"Oliver Burke            




            Centre-Forward",07/04/1997 (27),€2.00m,2000000.0
Joel Imasuen,SV Werder Bremen,"Joel Imasuen  




            Centre-Forward",27/10/2004 (19),-,
Kevin Müller,1.FC Heidenheim 1846,"Kevin Müller            




            Goalkeeper",15/03/1991 (33),€1.00m,1000000.0
Vitus Eicher,1.FC Heidenheim 1846,"Vitus Eicher            




            Goalkeeper",05/11/1990 (33),€250k,250000.0
Frank Feller,1.FC Heidenheim 1846,"Frank Feller            




            Goalkeeper",07/01/2004 (20),€200k,200000.0
Paul Tschernuth,1.FC Heidenheim 1846,"Paul Tschernuth            




            Goalkeeper",20/01/2002 (22),€100k,100000.0
Benedikt Gimber,1.FC Heidenheim 1846,"Benedikt Gimber            




            Centre-Back",19/02/1997 (27),€2.80m,2800000.0
Patrick Mainka,1.FC Heidenheim 1846,"Patrick Mainka  




            Centre-Back",06/11/1994 (29),€2.50m,2500000.0
Tim Siersleben,1.FC Heidenheim 1846,"Tim Siersleben

 




            Centre-Back",09/03/2000 (24),€1.50m,1500000.0
Thomas Keller,1.FC Heidenheim 1846,"Thomas Keller            




            Centre-Back",05/08/1999 (24),€350k,350000.0
Jonas Föhrenbach,1.FC Heidenheim 1846,"Jonas Föhrenbach            




            Left-Back",26/01/1996 (28),€2.00m,2000000.0
Seedy Jarju,1.FC Heidenheim 1846,"Seedy Jarju            




            Left-Back",28/10/2004 (19),€200k,200000.0
Omar Traoré,1.FC Heidenheim 1846,"Omar Traoré            




            Right-Back",04/02/1998 (26),€2.50m,2500000.0
Marnon Busch,1.FC Heidenheim 1846,"Marnon Busch            




            Right-Back",08/12/1994 (29),€1.20m,1200000.0
Lennard Maloney,1.FC Heidenheim 1846,"Lennard Maloney  




            Defensive Midfield",08/10/1999 (24),€5.00m,5000000.0
Norman Theuerkauf,1.FC Heidenheim 1846,"Norman Theuerkauf            




            Defensive Midfield",N/A (37),€300k,300000.0
Luka Janes,1.FC Heidenheim 1846,"Luka Janes            




            Defensive Midfield",19/01/2004 (20),€200k,200000.0
Jan Schöppner,1.FC Heidenheim 1846,"Jan Schöppner            




            Central Midfield",12/06/1999 (25),€3.00m,3000000.0
Kevin Sessa,1.FC Heidenheim 1846,"Kevin Sessa            




            Central Midfield",06/07/2000 (23),€2.50m,2500000.0
Adrian Beck,1.FC Heidenheim 1846,"Adrian Beck            




            Attacking Midfield",09/06/1997 (27),€1.50m,1500000.0
Denis Thomalla,1.FC Heidenheim 1846,"Denis Thomalla            




            Attacking Midfield",16/08/1992 (31),€750k,750000.0
Christian Kühlwetter,1.FC Heidenheim 1846,"Christian Kühlwetter            




            Attacking Midfield",21/04/1996 (28),€500k,500000.0
Niklas Beste,1.FC Heidenheim 1846,"Niklas Beste            




            Right Winger",04/01/1999 (25),€15.00m,15000000.0
Eren Dinkçi,1.FC Heidenheim 1846,"Eren Dinkçi            




            Right Winger",13/12/2001 (22),€12.00m,12000000.0
Florian Pick,1.FC Heidenheim 1846,"Florian Pick            




            Right Winger",08/09/1995 (28),€700k,700000.0
Nikola Dovedan,1.FC Heidenheim 1846,"Nikola Dovedan            




            Second Striker",06/07/1994 (29),€800k,800000.0
Tim Kleindienst,1.FC Heidenheim 1846,"Tim Kleindienst  




            Centre-Forward",31/08/1995 (28),€6.00m,6000000.0
Marvin Pieringer,1.FC Heidenheim 1846,"Marvin Pieringer            




            Centre-Forward",04/10/1999 (24),€3.00m,3000000.0
Stefan Schimmer,1.FC Heidenheim 1846,"Stefan Schimmer            




            Centre-Forward",28/04/1994 (30),€500k,500000.0
Elidon Qenaj,1.FC Heidenheim 1846,"Elidon Qenaj            




            Centre-Forward",22/05/2003 (21),€100k,100000.0
Péter Gulácsi,RB Leipzig,"Péter Gulácsi  




            Goalkeeper",06/05/1990 (34),€3.00m,3000000.0
Janis Blaswich,RB Leipzig,"Janis Blaswich            




            Goalkeeper",02/05/1991 (33),€2.00m,2000000.0
Timo Schlieck,RB Leipzig,"Timo Schlieck  




            Goalkeeper",02/03/2006 (18),€500k,500000.0
Leopold Zingerle,RB Leipzig,"Leopold Zingerle            




            Goalkeeper",10/04/1994 (30),€400k,400000.0
Castello Lukeba,RB Leipzig,"Castello Lukeba            




            Centre-Back",17/12/2002 (21),€40.00m,40000000.0
Mohamed Simakan,RB Leipzig,"Mohamed Simakan            




            Centre-Back",03/05/2000 (24),€35.00m,35000000.0
El Chadaille Bitshiabu,RB Leipzig,"El Chadaille Bitshiabu            




            Centre-Back",16/05/2005 (19),€12.00m,12000000.0
Willi Orbán,RB Leipzig,"Willi Orbán            




            Centre-Back",03/11/1992 (31),€10.00m,10000000.0
Lukas Klostermann,RB Leipzig,"Lukas Klostermann            




            Centre-Back",03/06/1996 (28),€8.00m,8000000.0
Jonathan Norbye,RB Leipzig,"Jonathan Norbye            




            Centre-Back",26/03/2007 (17),-,
Tim Köhler,RB Leipzig,"Tim Köhler            




            Centre-Back",02/05/2005 (19),-,
David Raum,RB Leipzig,"David Raum  




            Left-Back",22/04/1998 (26),€20.00m,20000000.0
Christopher Lenz,RB Leipzig,"Christopher Lenz            




            Left-Back",22/09/1994 (29),€1.50m,1500000.0
Benjamin Henrichs,RB Leipzig,"Benjamin Henrichs            




            Right-Back",23/02/1997 (27),€20.00m,20000000.0
Hugo Novoa,RB Leipzig,"Hugo Novoa            




            Right-Back",24/01/2003 (21),€2.50m,2500000.0
Nicolas Seiwald,RB Leipzig,"Nicolas Seiwald            




            Defensive Midfield",04/05/2001 (23),€16.00m,16000000.0
Xaver Schlager,RB Leipzig,"Xaver Schlager            




            Central Midfield",28/09/1997 (26),€28.00m,28000000.0
Amadou Haidara,RB Leipzig,"Amadou Haidara            




            Central Midfield",31/01/1998 (26),€20.00m,20000000.0
Kevin Kampl,RB Leipzig,"Kevin Kampl            




            Central Midfield",09/10/1990 (33),€3.50m,3500000.0
Ilaix Moriba,RB Leipzig,"Ilaix Moriba            




            Central Midfield",19/01/2003 (21),€3.00m,3000000.0
Xavi Simons,RB Leipzig,"Xavi Simons            




            Attacking Midfield",21/04/2003 (21),€80.00m,80000000.0
Dani Olmo,RB Leipzig,"Dani Olmo            




            Attacking Midfield",07/05/1998 (26),€50.00m,50000000.0
Eljif Elmas,RB Leipzig,"Eljif Elmas            




            Attacking Midfield",24/09/1999 (24),€20.00m,20000000.0
Christoph Baumgartner,RB Leipzig,"Christoph Baumgartner            




            Attacking Midfield",01/08/1999 (24),€18.00m,18000000.0
Fábio Carvalho,RB Leipzig,"Fábio Carvalho  




            Attacking Midfield",30/08/2002 (21),€14.00m,14000000.0
Nuha Jatta,RB Leipzig,"Nuha Jatta            




            Attacking Midfield",15/03/2006 (18),-,
Emil Forsberg,RB Leipzig,"Emil Forsberg            




            Left Winger",23/10/1991 (32),€5.00m,5000000.0
Loïs Openda,RB Leipzig,"Loïs Openda            




            Centre-Forward",16/02/2000 (24),€60.00m,60000000.0
Benjamin Sesko,RB Leipzig,"Benjamin Sesko            




            Centre-Forward",31/05/2003 (21),€50.00m,50000000.0
Timo Werner,RB Leipzig,"Timo Werner            




            Centre-Forward",06/03/1996 (28),€17.00m,17000000.0
Yussuf Poulsen,RB Leipzig,"Yussuf Poulsen            




            Centre-Forward",15/06/1994 (30),€6.00m,6000000.0
Yannick Eduardo,RB Leipzig,"Yannick Eduardo            




            Centre-Forward",23/01/2006 (18),-,
Robin Zentner,1.FSV Mainz 05,"Robin Zentner  




            Goalkeeper",28/10/1994 (29),€3.00m,3000000.0
Daniel Batz,1.FSV Mainz 05,"Daniel Batz            




            Goalkeeper",12/01/1991 (33),€350k,350000.0
Lasse Rieß,1.FSV Mainz 05,"Lasse Rieß            




            Goalkeeper",27/07/2001 (22),€200k,200000.0
Sepp van den Berg,1.FSV Mainz 05,"Sepp van den Berg            




            Centre-Back",20/12/2001 (22),€12.00m,12000000.0
Andreas Hanche-Olsen,1.FSV Mainz 05,"Andreas Hanche-Olsen  




            Centre-Back",17/01/1997 (27),€9.00m,9000000.0
Dominik Kohr,1.FSV Mainz 05,"Dominik Kohr            




            Centre-Back",31/01/1994 (30),€3.00m,3000000.0
Maxim Leitsch,1.FSV Mainz 05,"Maxim Leitsch            




            Centre-Back",18/05/1998 (26),€1.50m,1500000.0
Danny da Costa,1.FSV Mainz 05,"Danny da Costa            




            Centre-Back",13/07/1993 (30),€1.20m,1200000.0
Stefan Bell,1.FSV Mainz 05,"Stefan Bell  




            Centre-Back",24/08/1991 (32),€800k,800000.0
Lasse Wilhelm,1.FSV Mainz 05,"Lasse Wilhelm            




            Centre-Back",20/03/2003 (21),€225k,225000.0
Maxim Dal,1.FSV Mainz 05,"Maxim Dal  




            Centre-Back",26/01/2006 (18),-,
Phillipp Mwene,1.FSV Mainz 05,"Phillipp Mwene            




            Left-Back",29/01/1994 (30),€1.80m,1800000.0
Tim Müller,1.FSV Mainz 05,"Tim Müller            




            Left-Back",23/09/2004 (19),€150k,150000.0
Anthony Caci,1.FSV Mainz 05,"Anthony Caci

  




            Right-Back",01/07/1997 (26),€7.00m,7000000.0
Silvan Widmer,1.FSV Mainz 05,"Silvan Widmer  




            Right-Back",05/03/1993 (31),€3.00m,3000000.0
Anton Stach,1.FSV Mainz 05,"Anton Stach            




            Defensive Midfield",15/11/1998 (25),€15.00m,15000000.0
Tom Krauß,1.FSV Mainz 05,"Tom Krauß            




            Defensive Midfield",22/06/2001 (23),€4.00m,4000000.0
Edimilson Fernandes,1.FSV Mainz 05,"Edimilson Fernandes            




            Defensive Midfield",15/04/1996 (28),€3.50m,3500000.0
Josuha Guilavogui,1.FSV Mainz 05,"Josuha Guilavogui            




            Defensive Midfield",19/09/1990 (33),€700k,700000.0
Leandro Barreiro,1.FSV Mainz 05,"Leandro Barreiro            




            Central Midfield",03/01/2000 (24),€17.00m,17000000.0
Nadiem Amiri,1.FSV Mainz 05,"Nadiem Amiri            




            Central Midfield",27/10/1996 (27),€7.00m,7000000.0
Merveille Papela,1.FSV Mainz 05,"Merveille Papela            




            Central Midfield",18/01/2001 (23),€1.00m,1000000.0
Brajan Gruda,1.FSV Mainz 05,"Brajan Gruda            




            Attacking Midfield",31/05/2004 (20),€20.00m,20000000.0
Jae-sung Lee,1.FSV Mainz 05,"Jae-sung Lee            




            Attacking Midfield",10/08/1992 (31),€2.50m,2500000.0
Marco Richter,1.FSV Mainz 05,"Marco Richter            




            Attacking Midfield",24/11/1997 (26),€2.00m,2000000.0
Aymen Barkok,1.FSV Mainz 05,"Aymen Barkok  




            Attacking Midfield",21/05/1998 (26),€1.00m,1000000.0
Anwar El Ghazi,1.FSV Mainz 05,"Anwar El Ghazi            




            Right Winger",03/05/1995 (29),€2.50m,2500000.0
David Mamutovic,1.FSV Mainz 05,"David Mamutovic            




            Right Winger",05/12/2000 (23),€250k,250000.0
Jonathan Burkardt,1.FSV Mainz 05,"Jonathan Burkardt            




            Centre-Forward",11/07/2000 (23),€12.00m,12000000.0
Nelson Weiper,1.FSV Mainz 05,"Nelson Weiper  




            Centre-Forward",17/03/2005 (19),€5.00m,5000000.0
Ludovic Ajorque,1.FSV Mainz 05,"Ludovic Ajorque            




            Centre-Forward",25/02/1994 (30),€3.00m,3000000.0
Karim Onisiwo,1.FSV Mainz 05,"Karim Onisiwo            




            Centre-Forward",17/03/1992 (32),€1.50m,1500000.0
Jessic Ngankam,1.FSV Mainz 05,"Jessic Ngankam  




            Centre-Forward",20/07/2000 (23),€1.50m,1500000.0
Marcus Müller,1.FSV Mainz 05,"Marcus Müller            




            Centre-Forward",20/08/2002 (21),€200k,200000.0
Finn Dahmen,FC Augsburg,"Finn Dahmen            




            Goalkeeper",27/03/1998 (26),€5.00m,5000000.0
Tomas Koubek,FC Augsburg,"Tomas Koubek            




            Goalkeeper",26/08/1992 (31),€800k,800000.0
Marcel Lubik,FC Augsburg,"Marcel Lubik            




            Goalkeeper",19/05/2004 (20),€300k,300000.0
Felix Uduokhai,FC Augsburg,"Felix Uduokhai            




            Centre-Back",09/09/1997 (26),€7.00m,7000000.0
Maximilian Bauer,FC Augsburg,"Maximilian Bauer            




            Centre-Back",09/02/2000 (24),€3.00m,3000000.0
Patric Pfeiffer,FC Augsburg,"Patric Pfeiffer            




            Centre-Back",20/08/1999 (24),€2.00m,2000000.0
Jeffrey Gouweleeuw,FC Augsburg,"Jeffrey Gouweleeuw   




            Centre-Back",10/07/1991 (32),€2.00m,2000000.0
Japhet Tanganga,FC Augsburg,"Japhet Tanganga            




            Centre-Back",31/03/1999 (25),€1.80m,1800000.0
Reece Oxford,FC Augsburg,"Reece Oxford  




            Centre-Back",16/12/1998 (25),€1.50m,1500000.0
Frederik Winther,FC Augsburg,"Frederik Winther            




            Centre-Back",04/01/2001 (23),€800k,800000.0
David Deger,FC Augsburg,"David Deger            




            Centre-Back",13/02/2000 (24),€100k,100000.0
Iago,FC Augsburg,"Iago            




            Left-Back",23/03/1997 (27),€4.00m,4000000.0
Mads Pedersen,FC Augsburg,"Mads Pedersen            




            Left-Back",01/09/1996 (27),€2.50m,2500000.0
Aaron Zehnter,FC Augsburg,"Aaron Zehnter            




            Left-Back",31/10/2004 (19),€1.50m,1500000.0
David Colina,FC Augsburg,"David Colina            




            Left-Back",19/07/2000 (23),€1.00m,1000000.0
Kevin Mbabu,FC Augsburg,"Kevin Mbabu            




            Right-Back",19/04/1995 (29),€4.00m,4000000.0
Robert Gumny,FC Augsburg,"Robert Gumny            




            Right-Back",04/06/1998 (26),€2.00m,2000000.0
Raphael Framberger,FC Augsburg,"Raphael Framberger            




            Right-Back",06/09/1995 (28),€600k,600000.0
Kristijan Jakic,FC Augsburg,"Kristijan Jakic            




            Defensive Midfield",14/05/1997 (27),€6.50m,6500000.0
Niklas Dorsch,FC Augsburg,"Niklas Dorsch  




            Defensive Midfield",15/01/1998 (26),€4.00m,4000000.0
Tim Breithaupt,FC Augsburg,"Tim Breithaupt  




            Defensive Midfield",07/02/2002 (22),€3.00m,3000000.0
Mahmut Kücüksahin,FC Augsburg,"Mahmut Kücüksahin            




            Defensive Midfield",07/04/2004 (20),€100k,100000.0
Arne Engels,FC Augsburg,"Arne Engels            




            Central Midfield",08/09/2003 (20),€9.00m,9000000.0
Arne Maier,FC Augsburg,"Arne Maier            




            Central Midfield",08/01/1999 (25),€5.00m,5000000.0
Elvis Rexhbecaj,FC Augsburg,"Elvis Rexhbecaj            




            Central Midfield",01/11/1997 (26),€3.50m,3500000.0
Fredrik Jensen,FC Augsburg,"Fredrik Jensen            




            Attacking Midfield",09/09/1997 (26),€3.50m,3500000.0
Pep Biel,FC Augsburg,"Pep Biel            




            Attacking Midfield",05/09/1996 (27),€3.00m,3000000.0
Mert Kömür,FC Augsburg,"Mert Kömür            




            Attacking Midfield",17/07/2005 (18),€2.00m,2000000.0
Daniel Hausmann,FC Augsburg,"Daniel Hausmann            




            Attacking Midfield",12/02/2003 (21),€100k,100000.0
Rubén Vargas,FC Augsburg,"Rubén Vargas  




            Left Winger",05/08/1998 (25),€7.50m,7500000.0
Nathanaël Mbuku,FC Augsburg,"Nathanaël Mbuku            




            Left Winger",16/03/2002 (22),€2.00m,2000000.0
Masaya Okugawa,FC Augsburg,"Masaya Okugawa            




            Left Winger",14/04/1996 (28),€1.50m,1500000.0
Sven Michel,FC Augsburg,"Sven Michel            




            Left Winger",15/07/1990 (33),€700k,700000.0
Ermedin Demirovic,FC Augsburg,"Ermedin Demirovic            




            Centre-Forward",25/03/1998 (26),€28.00m,28000000.0
Mergim Berisha,FC Augsburg,"Mergim Berisha  




            Centre-Forward",11/05/1998 (26),€10.00m,10000000.0
Phillip Tietz,FC Augsburg,"Phillip Tietz            




            Centre-Forward",09/07/1997 (26),€5.00m,5000000.0
Dion Beljo,FC Augsburg,"Dion Beljo

 




            Centre-Forward",01/03/2002 (22),€4.00m,4000000.0
Irvin Cardona,FC Augsburg,"Irvin Cardona            




            Centre-Forward",08/08/1997 (26),€2.50m,2500000.0
Marvin Schwäbe,1.FC Köln,"Marvin Schwäbe  




            Goalkeeper",25/04/1995 (29),€4.00m,4000000.0
Philipp Pentke,1.FC Köln,"Philipp Pentke            




            Goalkeeper",01/05/1985 (39),€300k,300000.0
Jonas Nickisch,1.FC Köln,"Jonas Nickisch  




            Goalkeeper",21/05/2004 (20),€200k,200000.0
Matthias Köbbing,1.FC Köln,"Matthias Köbbing            




            Goalkeeper",28/05/1997 (27),€100k,100000.0
Jeff Chabot,1.FC Köln,"Jeff Chabot

 




            Centre-Back",12/02/1998 (26),€9.00m,9000000.0
Timo Hübers,1.FC Köln,"Timo Hübers  




            Centre-Back",20/07/1996 (27),€5.50m,5500000.0
Luca Kilian,1.FC Köln,"Luca Kilian  




            Centre-Back",01/09/1999 (24),€2.00m,2000000.0
Dominique Heintz,1.FC Köln,"Dominique Heintz            




            Centre-Back",15/08/1993 (30),€800k,800000.0
Elias Bakatukanda,1.FC Köln,"Elias Bakatukanda  




            Centre-Back",13/04/2004 (20),€250k,250000.0
Max Finkgräfe,1.FC Köln,"Max Finkgräfe            




            Left-Back",27/03/2004 (20),€6.00m,6000000.0
Leart Paçarada,1.FC Köln,"Leart Paçarada  




            Left-Back",08/10/1994 (29),€1.50m,1500000.0
Kristian Pedersen,1.FC Köln,"Kristian Pedersen            




            Left-Back",04/08/1994 (29),€800k,800000.0
Noah Katterbach,1.FC Köln,"Noah Katterbach            




            Left-Back",13/04/2001 (23),€600k,600000.0
Eric Martel,1.FC Köln,"Eric Martel            




            Defensive Midfield",29/04/2002 (22),€7.50m,7500000.0
Dejan Ljubicic,1.FC Köln,"Dejan Ljubicic            




            Defensive Midfield",08/10/1997 (26),€5.00m,5000000.0
Benno Schmitz,1.FC Köln,"Benno Schmitz            




            Defensive Midfield",17/11/1994 (29),€1.50m,1500000.0
Jacob Christensen,1.FC Köln,"Jacob Christensen            




            Defensive Midfield",25/06/2001 (23),€1.50m,1500000.0
Mathias Olesen,1.FC Köln,"Mathias Olesen            




            Defensive Midfield",21/03/2001 (23),€1.50m,1500000.0
Denis Huseinbasic,1.FC Köln,"Denis Huseinbasic            




            Central Midfield",03/07/2001 (22),€4.00m,4000000.0
Rasmus Carstensen,1.FC Köln,"Rasmus Carstensen            




            Right Midfield",10/11/2000 (23),€2.00m,2000000.0
Florian Kainz,1.FC Köln,"Florian Kainz            




            Attacking Midfield",24/10/1992 (31),€2.50m,2500000.0
Linton Maina,1.FC Köln,"Linton Maina  




            Left Winger",23/06/1999 (25),€3.00m,3000000.0
Faride Alidou,1.FC Köln,"Faride Alidou            




            Left Winger",18/07/2001 (22),€2.50m,2500000.0
Justin Diehl,1.FC Köln,"Justin Diehl  




            Left Winger",27/11/2004 (19),€2.50m,2500000.0
Jan Thielmann,1.FC Köln,"Jan Thielmann            




            Right Winger",26/05/2002 (22),€5.00m,5000000.0
Dimitrios Limnios,1.FC Köln,"Dimitrios Limnios            




            Right Winger",27/05/1998 (26),€900k,900000.0
Davie Selke,1.FC Köln,"Davie Selke            




            Centre-Forward",20/01/1995 (29),€2.80m,2800000.0
Luca Waldschmidt,1.FC Köln,"Luca Waldschmidt            




            Centre-Forward",19/05/1996 (28),€2.50m,2500000.0
Damion Downs,1.FC Köln,"Damion Downs            




            Centre-Forward",06/07/2004 (19),€2.00m,2000000.0
Steffen Tigges,1.FC Köln,"Steffen Tigges            




            Centre-Forward",31/07/1998 (25),€1.50m,1500000.0
Mark Uth,1.FC Köln,"Mark Uth            




            Centre-Forward",24/08/1991 (32),€1.00m,1000000.0
Sargis Adamyan,1.FC Köln,"Sargis Adamyan            




            Centre-Forward",23/05/1993 (31),€600k,600000.0
Florian Dietz,1.FC Köln,"Florian Dietz            




            Centre-Forward",03/08/1998 (25),€600k,600000.0
Oliver Baumann,TSG 1899 Hoffenheim,"Oliver Baumann  




            Goalkeeper",02/06/1990 (34),€3.00m,3000000.0
Nahuel Noll,TSG 1899 Hoffenheim,"Nahuel Noll            




            Goalkeeper",17/03/2003 (21),€500k,500000.0
Luca Philipp,TSG 1899 Hoffenheim,"Luca Philipp            




            Goalkeeper",28/11/2000 (23),€300k,300000.0
Ozan Kabak,TSG 1899 Hoffenheim,"Ozan Kabak            




            Centre-Back",25/03/2000 (24),€10.00m,10000000.0
Attila Szalai,TSG 1899 Hoffenheim,"Attila Szalai            




            Centre-Back",20/01/1998 (26),€4.00m,4000000.0
Kevin Akpoguma,TSG 1899 Hoffenheim,"Kevin Akpoguma            




            Centre-Back",19/04/1995 (29),€3.00m,3000000.0
Stanley Nsoki,TSG 1899 Hoffenheim,"Stanley Nsoki            




            Centre-Back",09/04/1999 (25),€2.50m,2500000.0
Tim Drexler,TSG 1899 Hoffenheim,"Tim Drexler            




            Centre-Back",06/03/2005 (19),€2.50m,2500000.0
Kevin Vogt,TSG 1899 Hoffenheim,"Kevin Vogt            




            Centre-Back",23/09/1991 (32),€2.00m,2000000.0
John Brooks,TSG 1899 Hoffenheim,"John Brooks            




            Centre-Back",28/01/1993 (31),€2.00m,2000000.0
Joshua Quarshie,TSG 1899 Hoffenheim,"Joshua Quarshie            




            Centre-Back",26/07/2004 (19),€800k,800000.0
Kasim Adams,TSG 1899 Hoffenheim,"Kasim Adams            




            Centre-Back",22/06/1995 (29),€700k,700000.0
David Jurásek,TSG 1899 Hoffenheim,"David Jurásek            




            Left-Back",07/08/2000 (23),€8.00m,8000000.0
Angelo Stiller,TSG 1899 Hoffenheim,"Angelo Stiller            




            Defensive Midfield",04/04/2001 (23),€20.00m,20000000.0
Anton Stach,TSG 1899 Hoffenheim,"Anton Stach            




            Defensive Midfield",15/11/1998 (25),€15.00m,15000000.0
Florian Grillitsch,TSG 1899 Hoffenheim,"Florian Grillitsch            




            Defensive Midfield",07/08/1995 (28),€6.50m,6500000.0
Diadié Samassékou,TSG 1899 Hoffenheim,"Diadié Samassékou            




            Defensive Midfield",11/01/1996 (28),€2.00m,2000000.0
Grischa Prömel,TSG 1899 Hoffenheim,"Grischa Prömel            




            Central Midfield",09/01/1995 (29),€7.00m,7000000.0
Umut Tohumcu,TSG 1899 Hoffenheim,"Umut Tohumcu            




            Central Midfield",11/08/2004 (19),€7.00m,7000000.0
Tom Bischof,TSG 1899 Hoffenheim,"Tom Bischof            




            Central Midfield",28/06/2005 (19),€3.50m,3500000.0
Dennis Geiger,TSG 1899 Hoffenheim,"Dennis Geiger            




            Central Midfield",10/06/1998 (26),€3.00m,3000000.0
Finn Becker,TSG 1899 Hoffenheim,"Finn Becker            




            Central Midfield",08/06/2000 (24),€2.50m,2500000.0
Marco John,TSG 1899 Hoffenheim,"Marco John  




            Central Midfield",02/04/2002 (22),€1.50m,1500000.0
Pavel Kaderabek,TSG 1899 Hoffenheim,"Pavel Kaderabek            




            Right Midfield",25/04/1992 (32),€3.00m,3000000.0
Robert Skov,TSG 1899 Hoffenheim,"Robert Skov  




            Left Midfield",20/05/1996 (28),€5.00m,5000000.0
Andrej Kramaric,TSG 1899 Hoffenheim,"Andrej Kramaric            




            Attacking Midfield",19/06/1991 (33),€5.00m,5000000.0
Julian Justvan,TSG 1899 Hoffenheim,"Julian Justvan            




            Attacking Midfield",02/04/1998 (26),€1.50m,1500000.0
Bambasé Conté,TSG 1899 Hoffenheim,"Bambasé Conté            




            Attacking Midfield",07/07/2003 (20),€700k,700000.0
Marius Bülter,TSG 1899 Hoffenheim,"Marius Bülter            




            Left Winger",29/03/1993 (31),€2.50m,2500000.0
Maximilian Beier,TSG 1899 Hoffenheim,"Maximilian Beier            




            Centre-Forward",17/10/2002 (21),€30.00m,30000000.0
Mergim Berisha,TSG 1899 Hoffenheim,"Mergim Berisha  




            Centre-Forward",11/05/1998 (26),€10.00m,10000000.0
Wout Weghorst,TSG 1899 Hoffenheim,"Wout Weghorst            




            Centre-Forward",07/08/1992 (31),€6.00m,6000000.0
Ihlas Bebou,TSG 1899 Hoffenheim,"Ihlas Bebou            




            Centre-Forward",23/04/1994 (30),€4.00m,4000000.0
Max Moerstedt,TSG 1899 Hoffenheim,"Max Moerstedt            




            Centre-Forward",15/01/2006 (18),€1.00m,1000000.0
Jonas Omlin,Borussia Mönchengladbach,"Jonas Omlin            




            Goalkeeper",10/01/1994 (30),€6.00m,6000000.0
Moritz Nicolas,Borussia Mönchengladbach,"Moritz Nicolas            




            Goalkeeper",21/10/1997 (26),€2.50m,2500000.0
Jan Olschowsky,Borussia Mönchengladbach,"Jan Olschowsky            




            Goalkeeper",18/11/2001 (22),€600k,600000.0
Tobias Sippel,Borussia Mönchengladbach,"Tobias Sippel            




            Goalkeeper",22/03/1988 (36),€300k,300000.0
Maximilian Brüll,Borussia Mönchengladbach,"Maximilian Brüll            




            Goalkeeper",26/08/2002 (21),€75k,75000.0
Ko Itakura,Borussia Mönchengladbach,"Ko Itakura  




            Centre-Back",27/01/1997 (27),€12.00m,12000000.0
Nico Elvedi,Borussia Mönchengladbach,"Nico Elvedi            




            Centre-Back",30/09/1996 (27),€10.00m,10000000.0
Maximilian Wöber,Borussia Mönchengladbach,"Maximilian Wöber  




            Centre-Back",04/02/1998 (26),€10.00m,10000000.0
Marvin Friedrich,Borussia Mönchengladbach,"Marvin Friedrich            




            Centre-Back",13/12/1995 (28),€3.50m,3500000.0
Fabio Chiarodia,Borussia Mönchengladbach,"Fabio Chiarodia            




            Centre-Back",05/06/2005 (19),€2.00m,2000000.0
Mamadou Doucouré,Borussia Mönchengladbach,"Mamadou Doucouré            




            Centre-Back",21/05/1998 (26),€100k,100000.0
Luca Netz,Borussia Mönchengladbach,"Luca Netz            




            Left-Back",15/05/2003 (21),€10.00m,10000000.0
Lukas Ullrich,Borussia Mönchengladbach,"Lukas Ullrich            




            Left-Back",16/03/2004 (20),€750k,750000.0
Joe Scally,Borussia Mönchengladbach,"Joe Scally            




            Right-Back",31/12/2002 (21),€10.00m,10000000.0
Stefan Lainer,Borussia Mönchengladbach,"Stefan Lainer            




            Right-Back",27/08/1992 (31),€2.50m,2500000.0
Simon Walde,Borussia Mönchengladbach,"Simon Walde            




            Right-Back",04/01/2005 (19),€500k,500000.0
Tony Jantschke,Borussia Mönchengladbach,"Tony Jantschke            




            Right-Back",07/04/1990 (34),€400k,400000.0
Julian Weigl,Borussia Mönchengladbach,"Julian Weigl            




            Defensive Midfield",08/09/1995 (28),€6.00m,6000000.0
Christoph Kramer,Borussia Mönchengladbach,"Christoph Kramer            




            Defensive Midfield",19/02/1991 (33),€1.70m,1700000.0
Manu Koné,Borussia Mönchengladbach,"Manu Koné            




            Central Midfield",17/05/2001 (23),€20.00m,20000000.0
Rocco Reitz,Borussia Mönchengladbach,"Rocco Reitz

 




            Central Midfield",29/05/2002 (22),€10.00m,10000000.0
Florian Neuhaus,Borussia Mönchengladbach,"Florian Neuhaus            




            Central Midfield",16/03/1997 (27),€7.00m,7000000.0
Robin Hack,Borussia Mönchengladbach,"Robin Hack  




            Left Winger",27/08/1998 (25),€8.00m,8000000.0
Yvandro Borges Sanches,Borussia Mönchengladbach,"Yvandro Borges Sanches            




            Left Winger",24/05/2004 (20),€1.00m,1000000.0
Franck Honorat,Borussia Mönchengladbach,"Franck Honorat            




            Right Winger",11/08/1996 (27),€12.00m,12000000.0
Nathan Ngoumou,Borussia Mönchengladbach,"Nathan Ngoumou            




            Right Winger",14/03/2000 (24),€5.00m,5000000.0
Hannes Wolf,Borussia Mönchengladbach,"Hannes Wolf            




            Right Winger",16/04/1999 (25),€2.00m,2000000.0
Patrick Herrmann,Borussia Mönchengladbach,"Patrick Herrmann            




            Right Winger",12/02/1991 (33),€1.00m,1000000.0
Tomas Cvancara,Borussia Mönchengladbach,"Tomas Cvancara            




            Centre-Forward",13/08/2000 (23),€8.00m,8000000.0
Alassane Pléa,Borussia Mönchengladbach,"Alassane Pléa  




            Centre-Forward",10/03/1993 (31),€7.00m,7000000.0
Jordan,Borussia Mönchengladbach,"Jordan            




            Centre-Forward",26/04/1996 (28),€4.00m,4000000.0
Grant-Leon Ranos,Borussia Mönchengladbach,"Grant-Leon Ranos            




            Centre-Forward",20/07/2003 (20),€1.00m,1000000.0
Shio Fukuda,Borussia Mönchengladbach,"Shio Fukuda            




            Centre-Forward",08/04/2004 (20),€300k,300000.0
Kevin Trapp,Eintracht Frankfurt,"Kevin Trapp            




            Goalkeeper",08/07/1990 (33),€4.00m,4000000.0
Kauã Santos,Eintracht Frankfurt,"Kauã Santos            




            Goalkeeper",11/04/2003 (21),€1.50m,1500000.0
Simon Simoni,Eintracht Frankfurt,"Simon Simoni            




            Goalkeeper",14/07/2004 (19),€500k,500000.0
Jens Grahl,Eintracht Frankfurt,"Jens Grahl            




            Goalkeeper",22/09/1988 (35),€200k,200000.0
Luke Gauer,Eintracht Frankfurt,"Luke Gauer            




            Goalkeeper",28/05/2005 (19),€100k,100000.0
Nils Ramming,Eintracht Frankfurt,"Nils Ramming            




            Goalkeeper",28/03/2007 (17),-,
Willian Pacho,Eintracht Frankfurt,"Willian Pacho            




            Centre-Back",16/10/2001 (22),€35.00m,35000000.0
Robin Koch,Eintracht Frankfurt,"Robin Koch   




            Centre-Back",17/07/1996 (27),€18.00m,18000000.0
Tuta,Eintracht Frankfurt,"Tuta  




            Centre-Back",04/07/1999 (24),€12.00m,12000000.0
Hrvoje Smolcic,Eintracht Frankfurt,"Hrvoje Smolcic            




            Centre-Back",17/08/2000 (23),€3.00m,3000000.0
Nnamdi Collins,Eintracht Frankfurt,"Nnamdi Collins            




            Centre-Back",10/01/2004 (20),€1.00m,1000000.0
Dario Gebuhr,Eintracht Frankfurt,"Dario Gebuhr            




            Centre-Back",06/05/2003 (21),€400k,400000.0
Davis Bautista,Eintracht Frankfurt,"Davis Bautista            




            Centre-Back",16/02/2005 (19),€250k,250000.0
Niels Nkounkou,Eintracht Frankfurt,"Niels Nkounkou            




            Left-Back",01/11/2000 (23),€7.50m,7500000.0
Philipp Max,Eintracht Frankfurt,"Philipp Max            




            Left-Back",30/09/1993 (30),€2.00m,2000000.0
Christopher Lenz,Eintracht Frankfurt,"Christopher Lenz            




            Left-Back",22/09/1994 (29),€1.50m,1500000.0
Aurélio Buta,Eintracht Frankfurt,"Aurélio Buta            




            Right-Back",10/02/1997 (27),€5.00m,5000000.0
Elias Baum,Eintracht Frankfurt,"Elias Baum            




            Right-Back",26/10/2005 (18),€1.00m,1000000.0
Timothy Chandler,Eintracht Frankfurt,"Timothy Chandler            




            Right-Back",29/03/1990 (34),€500k,500000.0
Ellyes Skhiri,Eintracht Frankfurt,"Ellyes Skhiri            




            Defensive Midfield",10/05/1995 (29),€11.00m,11000000.0
Kristijan Jakic,Eintracht Frankfurt,"Kristijan Jakic            




            Defensive Midfield",14/05/1997 (27),€6.50m,6500000.0
Makoto Hasebe,Eintracht Frankfurt,"Makoto Hasebe            




            Defensive Midfield",18/01/1984 (40),€500k,500000.0
Hugo Larsson,Eintracht Frankfurt,"Hugo Larsson            




            Central Midfield",27/06/2004 (20),€28.00m,28000000.0
Donny van de Beek,Eintracht Frankfurt,"Donny van de Beek  




            Central Midfield",18/04/1997 (27),€5.00m,5000000.0
Sebastian Rode,Eintracht Frankfurt,"Sebastian Rode            




            Central Midfield",11/10/1990 (33),€1.00m,1000000.0
Marcel Wenig,Eintracht Frankfurt,"Marcel Wenig  




            Central Midfield",04/05/2004 (20),€600k,600000.0
Sidney Raebiger,Eintracht Frankfurt,"Sidney Raebiger            




            Central Midfield",17/04/2005 (19),€300k,300000.0
Harpreet Ghotra,Eintracht Frankfurt,"Harpreet Ghotra            




            Central Midfield",17/01/2003 (21),€100k,100000.0
Junior Dina Ebimbe,Eintracht Frankfurt,"Junior Dina Ebimbe            




            Right Midfield",21/11/2000 (23),€12.00m,12000000.0
Farès Chaïbi,Eintracht Frankfurt,"Farès Chaïbi            




            Attacking Midfield",28/11/2002 (21),€18.00m,18000000.0
Mario Götze,Eintracht Frankfurt,"Mario Götze            




            Attacking Midfield",03/06/1992 (32),€5.50m,5500000.0
Paxten Aaronson,Eintracht Frankfurt,"Paxten Aaronson            




            Attacking Midfield",26/08/2003 (20),€4.50m,4500000.0
Marko Mladenovic,Eintracht Frankfurt,"Marko Mladenovic            




            Attacking Midfield",30/01/2005 (19),€500k,500000.0
Mehdi Loune,Eintracht Frankfurt,"Mehdi Loune            




            Attacking Midfield",14/05/2004 (20),€300k,300000.0
Jean-Mattéo Bahoya,Eintracht Frankfurt,"Jean-Mattéo Bahoya            




            Left Winger",07/05/2005 (19),€7.50m,7500000.0
Jens Petter Hauge,Eintracht Frankfurt,"Jens Petter Hauge            




            Left Winger",12/10/1999 (24),€2.50m,2500000.0
Jesper Lindstrøm,Eintracht Frankfurt,"Jesper Lindstrøm  




            Right Winger",29/02/2000 (24),€22.00m,22000000.0
Ansgar Knauff,Eintracht Frankfurt,"Ansgar Knauff  




            Right Winger",10/01/2002 (22),€10.00m,10000000.0
Randal Kolo Muani,Eintracht Frankfurt,"Randal Kolo Muani            




            Centre-Forward",05/12/1998 (25),€45.00m,45000000.0
Omar Marmoush,Eintracht Frankfurt,"Omar Marmoush            




            Centre-Forward",07/02/1999 (25),€22.00m,22000000.0
Hugo Ekitiké,Eintracht Frankfurt,"Hugo Ekitiké            




            Centre-Forward",20/06/2002 (22),€20.00m,20000000.0
Sasa Kalajdzic,Eintracht Frankfurt,"Sasa Kalajdzic            




            Centre-Forward",07/07/1997 (26),€5.00m,5000000.0
Nacho Ferri,Eintracht Frankfurt,"Nacho Ferri            




            Centre-Forward",05/10/2004 (19),€2.00m,2000000.0
Jessic Ngankam,Eintracht Frankfurt,"Jessic Ngankam  




            Centre-Forward",20/07/2000 (23),€1.50m,1500000.0
Lucas Alario,Eintracht Frankfurt,"Lucas Alario  




            Centre-Forward",08/10/1992 (31),€1.50m,1500000.0
Noel Futkeu,Eintracht Frankfurt,"Noel Futkeu            




            Centre-Forward",06/12/2002 (21),€400k,400000.0
Frederik Rönnow,1.FC Union Berlin,"Frederik Rönnow            




            Goalkeeper",04/08/1992 (31),€4.50m,4500000.0
Alexander Schwolow,1.FC Union Berlin,"Alexander Schwolow            




            Goalkeeper",02/06/1992 (32),€700k,700000.0
Jakob Busk,1.FC Union Berlin,"Jakob Busk            




            Goalkeeper",12/09/1993 (30),€250k,250000.0
Yannic Stein,1.FC Union Berlin,"Yannic Stein            




            Goalkeeper",17/09/2004 (19),€200k,200000.0
Danilho Doekhi,1.FC Union Berlin,"Danilho Doekhi            




            Centre-Back",30/06/1998 (26),€17.00m,17000000.0
Diogo Leite,1.FC Union Berlin,"Diogo Leite  




            Centre-Back",23/01/1999 (25),€15.00m,15000000.0
Robin Knoche,1.FC Union Berlin,"Robin Knoche            




            Centre-Back",22/05/1992 (32),€2.50m,2500000.0
Kevin Vogt,1.FC Union Berlin,"Kevin Vogt            




            Centre-Back",23/09/1991 (32),€2.00m,2000000.0
Paul Jaeckel,1.FC Union Berlin,"Paul Jaeckel            




            Centre-Back",22/07/1998 (25),€2.00m,2000000.0
Leonardo Bonucci,1.FC Union Berlin,"Leonardo Bonucci            




            Centre-Back",01/05/1987 (37),€1.00m,1000000.0
Oluwaseun Ogbemudia,1.FC Union Berlin,"Oluwaseun Ogbemudia            




            Centre-Back",18/07/2006 (17),-,
Robin Gosens,1.FC Union Berlin,"Robin Gosens            




            Left-Back",05/07/1994 (29),€12.00m,12000000.0
Jérôme Roussillon,1.FC Union Berlin,"Jérôme Roussillon            




            Left-Back",06/01/1993 (31),€2.50m,2500000.0
Laurenz Dehl,1.FC Union Berlin,"Laurenz Dehl            




            Left-Back",12/12/2001 (22),€200k,200000.0
Josip Juranovic,1.FC Union Berlin,"Josip Juranovic  




            Right-Back",16/08/1995 (28),€7.50m,7500000.0
Christopher Trimmel,1.FC Union Berlin,"Christopher Trimmel  




            Right-Back",24/02/1987 (37),€600k,600000.0
Rani Khedira,1.FC Union Berlin,"Rani Khedira            




            Defensive Midfield",27/01/1994 (30),€5.00m,5000000.0
Aljoscha Kemlein,1.FC Union Berlin,"Aljoscha Kemlein            




            Defensive Midfield",02/08/2004 (19),€3.00m,3000000.0
Lucas Tousart,1.FC Union Berlin,"Lucas Tousart            




            Central Midfield",29/04/1997 (27),€7.00m,7000000.0
Aïssa Laïdouni,1.FC Union Berlin,"Aïssa Laïdouni            




            Central Midfield",13/12/1996 (27),€6.00m,6000000.0
András Schäfer,1.FC Union Berlin,"András Schäfer            




            Central Midfield",13/04/1999 (25),€5.00m,5000000.0
Alex Král,1.FC Union Berlin,"Alex Král            




            Central Midfield",19/05/1998 (26),€5.00m,5000000.0
Janik Haberer,1.FC Union Berlin,"Janik Haberer            




            Central Midfield",02/04/1994 (30),€3.00m,3000000.0
Tim Schleinitz,1.FC Union Berlin,"Tim Schleinitz            




            Central Midfield",10/06/2005 (19),-,
Brenden Aaronson,1.FC Union Berlin,"Brenden Aaronson            




            Attacking Midfield",22/10/2000 (23),€12.00m,12000000.0
Kevin Volland,1.FC Union Berlin,"Kevin Volland            




            Attacking Midfield",30/07/1992 (31),€4.00m,4000000.0
Milos Pantovic,1.FC Union Berlin,"Milos Pantovic            




            Attacking Midfield",07/07/1996 (27),€800k,800000.0
Sheraldo Becker,1.FC Union Berlin,"Sheraldo Becker

 




            Left Winger",09/02/1995 (29),€10.00m,10000000.0
David Datro Fofana,1.FC Union Berlin,"David Datro Fofana            




            Centre-Forward",22/12/2002 (21),€12.00m,12000000.0
Yorbe Vertessen,1.FC Union Berlin,"Yorbe Vertessen  




            Centre-Forward",08/01/2001 (23),€5.00m,5000000.0
Jordan,1.FC Union Berlin,"Jordan            




            Centre-Forward",26/04/1996 (28),€4.00m,4000000.0
Benedict Hollerbach,1.FC Union Berlin,"Benedict Hollerbach  




            Centre-Forward",17/05/2001 (23),€4.00m,4000000.0
Mikkel Kaufmann,1.FC Union Berlin,"Mikkel Kaufmann            




            Centre-Forward",03/01/2001 (23),€2.70m,2700000.0
Chris Bedia,1.FC Union Berlin,"Chris Bedia            




            Centre-Forward",05/03/1996 (28),€2.50m,2500000.0
Kevin Behrens,1.FC Union Berlin,"Kevin Behrens            




            Centre-Forward",03/02/1991 (33),€2.00m,2000000.0
Koen Casteels,VfL Wolfsburg,"Koen Casteels            




            Goalkeeper",25/06/1992 (32),€6.00m,6000000.0
Pavao Pervan,VfL Wolfsburg,"Pavao Pervan            




            Goalkeeper",13/11/1987 (36),€300k,300000.0
Philipp Schulze,VfL Wolfsburg,"Philipp Schulze            




            Goalkeeper",29/01/2003 (21),€225k,225000.0
Niklas Klinger,VfL Wolfsburg,"Niklas Klinger            




            Goalkeeper",13/10/1995 (28),€100k,100000.0
Maxence Lacroix,VfL Wolfsburg,"Maxence Lacroix            




            Centre-Back",06/04/2000 (24),€20.00m,20000000.0
Moritz Jenz,VfL Wolfsburg,"Moritz Jenz            




            Centre-Back",30/04/1999 (25),€7.50m,7500000.0
Sebastiaan Bornauw,VfL Wolfsburg,"Sebastiaan Bornauw            




            Centre-Back",22/03/1999 (25),€7.00m,7000000.0
Cédric Zesiger,VfL Wolfsburg,"Cédric Zesiger            




            Centre-Back",24/06/1998 (26),€5.00m,5000000.0
Anders Børset,VfL Wolfsburg,"Anders Børset            




            Centre-Back",22/02/2006 (18),€150k,150000.0
Felix Lange,VfL Wolfsburg,"Felix Lange            




            Centre-Back",13/03/2004 (20),€75k,75000.0
Joakim Maehle,VfL Wolfsburg,"Joakim Maehle  




            Left-Back",20/05/1997 (27),€14.00m,14000000.0
Rogério,VfL Wolfsburg,"Rogério  




            Left-Back",13/01/1998 (26),€5.00m,5000000.0
Nicolas Cozza,VfL Wolfsburg,"Nicolas Cozza            




            Left-Back",08/01/1999 (25),€3.50m,3500000.0
Ridle Baku,VfL Wolfsburg,"Ridle Baku            




            Right-Back",08/04/1998 (26),€7.00m,7000000.0
Kilian Fischer,VfL Wolfsburg,"Kilian Fischer  




            Right-Back",12/10/2000 (23),€1.50m,1500000.0
Kofi Amoako,VfL Wolfsburg,"Kofi Amoako            




            Defensive Midfield",06/05/2005 (19),€400k,400000.0
Aster Vranckx,VfL Wolfsburg,"Aster Vranckx            




            Central Midfield",04/10/2002 (21),€12.00m,12000000.0
Mattias Svanberg,VfL Wolfsburg,"Mattias Svanberg            




            Central Midfield",05/01/1999 (25),€12.00m,12000000.0
Maximilian Arnold,VfL Wolfsburg,"Maximilian Arnold   




            Central Midfield",27/05/1994 (30),€7.00m,7000000.0
Yannick Gerhardt,VfL Wolfsburg,"Yannick Gerhardt            




            Central Midfield",13/03/1994 (30),€4.00m,4000000.0
Kevin Paredes,VfL Wolfsburg,"Kevin Paredes            




            Left Midfield",07/05/2003 (21),€7.50m,7500000.0
Lovro Majer,VfL Wolfsburg,"Lovro Majer            




            Attacking Midfield",17/01/1998 (26),€20.00m,20000000.0
Jakub Kaminski,VfL Wolfsburg,"Jakub Kaminski            




            Left Winger",05/06/2002 (22),€6.00m,6000000.0
Ulysses Llanez,VfL Wolfsburg,"Ulysses Llanez  




            Left Winger",02/04/2001 (23),€200k,200000.0
Patrick Wimmer,VfL Wolfsburg,"Patrick Wimmer  




            Right Winger",30/05/2001 (23),€15.00m,15000000.0
Vaclav Cerny,VfL Wolfsburg,"Vaclav Cerny            




            Right Winger",17/10/1997 (26),€7.00m,7000000.0
Bennit Bröger,VfL Wolfsburg,"Bennit Bröger            




            Right Winger",01/07/2006 (17),-,
Jonas Wind,VfL Wolfsburg,"Jonas Wind  




            Centre-Forward",07/02/1999 (25),€20.00m,20000000.0
Tiago Tomás,VfL Wolfsburg,"Tiago Tomás            




            Centre-Forward",16/06/2002 (22),€6.00m,6000000.0
Lukas Nmecha,VfL Wolfsburg,"Lukas Nmecha            




            Centre-Forward",14/12/1998 (25),€5.00m,5000000.0
Amin Sarr,VfL Wolfsburg,"Amin Sarr            




            Centre-Forward",11/03/2001 (23),€4.00m,4000000.0
Kevin Behrens,VfL Wolfsburg,"Kevin Behrens            




            Centre-Forward",03/02/1991 (33),€2.00m,2000000.0
Dzenan Pejcinovic,VfL Wolfsburg,"Dzenan Pejcinovic            




            Centre-Forward",15/02/2005 (19),€1.00m,1000000.0
Alexander Nübel,VfB Stuttgart,"Alexander Nübel            




            Goalkeeper",30/09/1996 (27),€12.00m,12000000.0
Fabian Bredlow,VfB Stuttgart,"Fabian Bredlow            




            Goalkeeper",02/03/1995 (29),€1.00m,1000000.0
Dennis Seimen,VfB Stuttgart,"Dennis Seimen            




            Goalkeeper",01/12/2005 (18),€1.00m,1000000.0
Florian Schock,VfB Stuttgart,"Florian Schock  




            Goalkeeper",22/05/2001 (23),€200k,200000.0
Hiroki Ito,VfB Stuttgart,"Hiroki Ito            




            Centre-Back",12/05/1999 (25),€30.00m,30000000.0
Konstantinos Mavropanos,VfB Stuttgart,"Konstantinos Mavropanos            




            Centre-Back",11/12/1997 (26),€20.00m,20000000.0
Waldemar Anton,VfB Stuttgart,"Waldemar Anton            




            Centre-Back",20/07/1996 (27),€20.00m,20000000.0
Dan-Axel Zagadou,VfB Stuttgart,"Dan-Axel Zagadou

  




            Centre-Back",03/06/1999 (25),€10.00m,10000000.0
Anthony Rouault,VfB Stuttgart,"Anthony Rouault            




            Centre-Back",29/05/2001 (23),€7.00m,7000000.0
Anrie Chase,VfB Stuttgart,"Anrie Chase            




            Centre-Back",24/03/2004 (20),€350k,350000.0
Maximilian Mittelstädt,VfB Stuttgart,"Maximilian Mittelstädt            




            Left-Back",18/03/1997 (27),€17.00m,17000000.0
Borna Sosa,VfB Stuttgart,"Borna Sosa            




            Left-Back",21/01/1998 (26),€7.50m,7500000.0
Moussa Cissé,VfB Stuttgart,"Moussa Cissé            




            Left-Back",29/04/2003 (21),€175k,175000.0
Josha Vagnoman,VfB Stuttgart,"Josha Vagnoman            




            Right-Back",11/12/2000 (23),€10.00m,10000000.0
Leonidas Stergiou,VfB Stuttgart,"Leonidas Stergiou            




            Right-Back",03/03/2002 (22),€5.00m,5000000.0
Pascal Stenzel,VfB Stuttgart,"Pascal Stenzel            




            Right-Back",20/03/1996 (28),€2.50m,2500000.0
Angelo Stiller,VfB Stuttgart,"Angelo Stiller            




            Defensive Midfield",04/04/2001 (23),€20.00m,20000000.0
Wataru Endo,VfB Stuttgart,"Wataru Endo  




            Defensive Midfield",09/02/1993 (31),€13.00m,13000000.0
Atakan Karazor,VfB Stuttgart,"Atakan Karazor  




            Defensive Midfield",13/10/1996 (27),€12.00m,12000000.0
Samuele Di Benedetto,VfB Stuttgart,"Samuele Di Benedetto            




            Defensive Midfield",16/07/2005 (18),€450k,450000.0
Mahmoud Dahoud,VfB Stuttgart,"Mahmoud Dahoud            




            Central Midfield",01/01/1996 (28),€6.00m,6000000.0
Nikolas Nartey,VfB Stuttgart,"Nikolas Nartey            




            Central Midfield",22/02/2000 (24),€600k,600000.0
Enzo Millot,VfB Stuttgart,"Enzo Millot            




            Attacking Midfield",17/07/2002 (21),€30.00m,30000000.0
Woo-yeong Jeong,VfB Stuttgart,"Woo-yeong Jeong            




            Attacking Midfield",20/09/1999 (24),€3.50m,3500000.0
Lilian Egloff,VfB Stuttgart,"Lilian Egloff            




            Attacking Midfield",20/08/2002 (21),€800k,800000.0
Genki Haraguchi,VfB Stuttgart,"Genki Haraguchi            




            Attacking Midfield",09/05/1991 (33),€500k,500000.0
Laurin Ulrich,VfB Stuttgart,"Laurin Ulrich            




            Attacking Midfield",31/01/2005 (19),€500k,500000.0
Raul Paula,VfB Stuttgart,"Raul Paula            




            Attacking Midfield",25/01/2004 (20),€350k,350000.0
Chris Führich,VfB Stuttgart,"Chris Führich            




            Left Winger",09/01/1998 (26),€28.00m,28000000.0
Silas,VfB Stuttgart,"Silas            




            Right Winger",06/10/1998 (25),€10.00m,10000000.0
Jamie Leweling,VfB Stuttgart,"Jamie Leweling            




            Right Winger",26/02/2001 (23),€9.00m,9000000.0
Roberto Massimo,VfB Stuttgart,"Roberto Massimo            




            Right Winger",12/10/2000 (23),€800k,800000.0
Luca Raimund,VfB Stuttgart,"Luca Raimund            




            Right Winger",09/04/2005 (19),€500k,500000.0
Serhou Guirassy,VfB Stuttgart,"Serhou Guirassy            




            Centre-Forward",12/03/1996 (28),€40.00m,40000000.0
Deniz Undav,VfB Stuttgart,"Deniz Undav            




            Centre-Forward",19/07/1996 (27),€25.00m,25000000.0
Mohamed Sankoh,VfB Stuttgart,"Mohamed Sankoh            




            Centre-Forward",16/10/2003 (20),€700k,700000.0
Jovan Milosevic,VfB Stuttgart,"Jovan Milosevic            




            Centre-Forward",31/07/2005 (18),€700k,700000.0
Thomas Kastanaras,VfB Stuttgart,"Thomas Kastanaras            




            Centre-Forward",09/01/2003 (21),€500k,500000.0
Noah Atubolu,SC Freiburg,"Noah Atubolu            




            Goalkeeper",25/05/2002 (22),€10.00m,10000000.0
Florian Müller,SC Freiburg,"Florian Müller            




            Goalkeeper",13/11/1997 (26),€1.20m,1200000.0
Jaaso Jantunen,SC Freiburg,"Jaaso Jantunen            




            Goalkeeper",31/01/2005 (19),€400k,400000.0
Benjamin Uphoff,SC Freiburg,"Benjamin Uphoff            




            Goalkeeper",08/08/1993 (30),€300k,300000.0
Niklas Sauter,SC Freiburg,"Niklas Sauter            




            Goalkeeper",06/04/2003 (21),€250k,250000.0
Philipp Lienhart,SC Freiburg,"Philipp Lienhart  




            Centre-Back",11/07/1996 (27),€15.00m,15000000.0
Matthias Ginter,SC Freiburg,"Matthias Ginter            




            Centre-Back",19/01/1994 (30),€10.00m,10000000.0
Keven Schlotterbeck,SC Freiburg,"Keven Schlotterbeck            




            Centre-Back",28/04/1997 (27),€6.00m,6000000.0
Attila Szalai,SC Freiburg,"Attila Szalai            




            Centre-Back",20/01/1998 (26),€4.00m,4000000.0
Manuel Gulde,SC Freiburg,"Manuel Gulde            




            Centre-Back",12/02/1991 (33),€1.50m,1500000.0
Max Rosenfelder,SC Freiburg,"Max Rosenfelder  




            Centre-Back",10/02/2003 (21),€500k,500000.0
Christian Günter,SC Freiburg,"Christian Günter  




            Left-Back",28/02/1993 (31),€5.00m,5000000.0
Jordy Makengo,SC Freiburg,"Jordy Makengo            




            Left-Back",03/08/2001 (22),€3.50m,3500000.0
Kenneth Schmidt,SC Freiburg,"Kenneth Schmidt  




            Left-Back",03/06/2002 (22),€2.50m,2500000.0
Roland Sallai,SC Freiburg,"Roland Sallai            




            Right-Back",22/05/1997 (27),€15.00m,15000000.0
Kiliann Sildillia,SC Freiburg,"Kiliann Sildillia            




            Right-Back",16/05/2002 (22),€15.00m,15000000.0
Lukas Kübler,SC Freiburg,"Lukas Kübler  




            Right-Back",30/08/1992 (31),€2.00m,2000000.0
Yannik Keitel,SC Freiburg,"Yannik Keitel            




            Defensive Midfield",15/02/2000 (24),€5.00m,5000000.0
Nicolas Höfler,SC Freiburg,"Nicolas Höfler            




            Defensive Midfield",09/03/1990 (34),€2.00m,2000000.0
Fabian Rüdlin,SC Freiburg,"Fabian Rüdlin            




            Defensive Midfield",13/01/1997 (27),€350k,350000.0
Maximilian Eggestein,SC Freiburg,"Maximilian Eggestein

 




            Central Midfield",08/12/1996 (27),€10.00m,10000000.0
Mika Baur,SC Freiburg,"Mika Baur            




            Central Midfield",09/07/2004 (19),€1.80m,1800000.0
Merlin Röhl,SC Freiburg,"Merlin Röhl            




            Attacking Midfield",05/07/2002 (21),€12.00m,12000000.0
Daniel-Kofi Kyereh,SC Freiburg,"Daniel-Kofi Kyereh  




            Attacking Midfield",08/03/1996 (28),€3.50m,3500000.0
Ryan Johansson,SC Freiburg,"Ryan Johansson            




            Attacking Midfield",15/02/2001 (23),€250k,250000.0
Vincenzo Grifo,SC Freiburg,"Vincenzo Grifo            




            Left Winger",07/04/1993 (31),€9.00m,9000000.0
Noah Weißhaupt,SC Freiburg,"Noah Weißhaupt            




            Left Winger",20/09/2001 (22),€5.00m,5000000.0
Florent Muslija,SC Freiburg,"Florent Muslija            




            Left Winger",06/07/1998 (25),€2.50m,2500000.0
Ritsu Doan,SC Freiburg,"Ritsu Doan            




            Right Winger",16/06/1998 (26),€18.00m,18000000.0
Maximilian Philipp,SC Freiburg,"Maximilian Philipp            




            Second Striker",01/03/1994 (30),€2.00m,2000000.0
Michael Gregoritsch,SC Freiburg,"Michael Gregoritsch            




            Centre-Forward",18/04/1994 (30),€8.00m,8000000.0
Lucas Höler,SC Freiburg,"Lucas Höler            




            Centre-Forward",10/07/1994 (29),€4.00m,4000000.0
Junior Adamu,SC Freiburg,"Junior Adamu            




            Centre-Forward",06/06/2001 (23),€4.00m,4000000.0
Maximilian Breunig,SC Freiburg,"Maximilian Breunig            




            Centre-Forward",14/08/2000 (23),€800k,800000.0
Marcel Schuhen,SV Darmstadt 98,"Marcel Schuhen  




            Goalkeeper",13/01/1993 (31),€800k,800000.0
Alexander Brunst,SV Darmstadt 98,"Alexander Brunst            




            Goalkeeper",07/07/1995 (28),€400k,400000.0
Morten Behrens,SV Darmstadt 98,"Morten Behrens            




            Goalkeeper",01/04/1997 (27),€250k,250000.0
Max Wendt,SV Darmstadt 98,"Max Wendt            




            Goalkeeper",N/A (19),-,
Christoph Klarer,SV Darmstadt 98,"Christoph Klarer            




            Centre-Back",14/06/2000 (24),€3.00m,3000000.0
Matej Maglica,SV Darmstadt 98,"Matej Maglica







 




            Centre-Back",25/09/1998 (25),€2.00m,2000000.0
Clemens Riedel,SV Darmstadt 98,"Clemens Riedel            




            Centre-Back",19/07/2003 (20),€2.00m,2000000.0
Christoph Zimmermann,SV Darmstadt 98,"Christoph Zimmermann            




            Centre-Back",12/01/1993 (31),€1.00m,1000000.0
Jannik Müller,SV Darmstadt 98,"Jannik Müller            




            Centre-Back",18/01/1994 (30),€800k,800000.0
Thomas Isherwood,SV Darmstadt 98,"Thomas Isherwood            




            Centre-Back",28/01/1998 (26),€500k,500000.0
Bartol Franjic,SV Darmstadt 98,"Bartol Franjic            




            Left-Back",14/01/2000 (24),€1.80m,1800000.0
Emir Karic,SV Darmstadt 98,"Emir Karic  




            Left-Back",09/06/1997 (27),€1.00m,1000000.0
Frank Ronstadt,SV Darmstadt 98,"Frank Ronstadt            




            Left-Back",21/07/1997 (26),€550k,550000.0
Fabian Holland,SV Darmstadt 98,"Fabian Holland            




            Left-Back",11/07/1990 (33),€500k,500000.0
Matthias Bader,SV Darmstadt 98,"Matthias Bader  




            Right-Back",17/06/1997 (27),€1.80m,1800000.0
Asaf Arania,SV Darmstadt 98,"Asaf Arania            




            Right-Back",19/10/2005 (18),-,
Andreas Müller,SV Darmstadt 98,"Andreas Müller            




            Defensive Midfield",20/07/2000 (23),€800k,800000.0
Klaus Gjasula,SV Darmstadt 98,"Klaus Gjasula            




            Defensive Midfield",14/12/1989 (34),€400k,400000.0
Fabian Schnellhardt,SV Darmstadt 98,"Fabian Schnellhardt            




            Central Midfield",12/01/1994 (30),€1.00m,1000000.0
Tobias Kempe,SV Darmstadt 98,"Tobias Kempe            




            Central Midfield",27/06/1989 (35),€500k,500000.0
Fabian Nürnberger,SV Darmstadt 98,"Fabian Nürnberger            




            Left Midfield",28/07/1999 (24),€2.50m,2500000.0
Marvin Mehlem,SV Darmstadt 98,"Marvin Mehlem            




            Attacking Midfield",11/09/1997 (26),€2.50m,2500000.0
Julian Justvan,SV Darmstadt 98,"Julian Justvan            




            Attacking Midfield",02/04/1998 (26),€1.50m,1500000.0
Braydon Manu,SV Darmstadt 98,"Braydon Manu            




            Left Winger",28/03/1997 (27),€1.20m,1200000.0
Mathias Honsak,SV Darmstadt 98,"Mathias Honsak            




            Left Winger",20/12/1996 (27),€1.20m,1200000.0
Gerrit Holtmann,SV Darmstadt 98,"Gerrit Holtmann  




            Left Winger",25/03/1995 (29),€1.00m,1000000.0
Tim Skarke,SV Darmstadt 98,"Tim Skarke            




            Centre-Forward",07/09/1996 (27),€3.00m,3000000.0
Oscar Vilhelmsson,SV Darmstadt 98,"Oscar Vilhelmsson            




            Centre-Forward",02/10/2003 (20),€2.00m,2000000.0
Fraser Hornby,SV Darmstadt 98,"Fraser Hornby  




            Centre-Forward",13/09/1999 (24),€1.20m,1200000.0
Luca Pfeiffer,SV Darmstadt 98,"Luca Pfeiffer            




            Centre-Forward",20/08/1996 (27),€1.20m,1200000.0
Filip Stojilkovic,SV Darmstadt 98,"Filip Stojilkovic            




            Centre-Forward",04/01/2000 (24),€800k,800000.0
Aaron Seydel,SV Darmstadt 98,"Aaron Seydel            




            Centre-Forward",07/02/1996 (28),€500k,500000.0
Sebastian Polter,SV Darmstadt 98,"Sebastian Polter            




            Centre-Forward",01/04/1991 (33),€500k,500000.0
Fabio Torsiello,SV Darmstadt 98,"Fabio Torsiello            




            Centre-Forward",02/02/2005 (19),€500k,500000.0
Matej Kovar,Bayer 04 Leverkusen,"Matej Kovar  




            Goalkeeper",17/05/2000 (24),€7.00m,7000000.0
Patrick Pentz,Bayer 04 Leverkusen,"Patrick Pentz            




            Goalkeeper",02/01/1997 (27),€3.00m,3000000.0
Lukas Hradecky,Bayer 04 Leverkusen,"Lukas Hradecky  




            Goalkeeper",24/11/1989 (34),€2.50m,2500000.0
Niklas Lomb,Bayer 04 Leverkusen,"Niklas Lomb            




            Goalkeeper",28/07/1993 (30),€250k,250000.0
Edmond Tapsoba,Bayer 04 Leverkusen,"Edmond Tapsoba            




            Centre-Back",02/02/1999 (25),€45.00m,45000000.0
Piero Hincapié,Bayer 04 Leverkusen,"Piero Hincapié            




            Centre-Back",09/01/2002 (22),€40.00m,40000000.0
Odilon Kossounou,Bayer 04 Leverkusen,"Odilon Kossounou            




            Centre-Back",04/01/2001 (23),€35.00m,35000000.0
Jonathan Tah,Bayer 04 Leverkusen,"Jonathan Tah            




            Centre-Back",11/02/1996 (28),€30.00m,30000000.0
Reno Münz,Bayer 04 Leverkusen,"Reno Münz            




            Centre-Back",02/10/2005 (18),-,
Madi Monamay,Bayer 04 Leverkusen,"Madi Monamay            




            Centre-Back",06/04/2006 (18),-,
Alejandro Grimaldo,Bayer 04 Leverkusen,"Alejandro Grimaldo            




            Left-Back",20/09/1995 (28),€45.00m,45000000.0
Jeremie Frimpong,Bayer 04 Leverkusen,"Jeremie Frimpong            




            Right-Back",10/12/2000 (23),€50.00m,50000000.0
Josip Stanisic,Bayer 04 Leverkusen,"Josip Stanisic            




            Right-Back",02/04/2000 (24),€28.00m,28000000.0
Arthur,Bayer 04 Leverkusen,"Arthur            




            Right-Back",17/03/2003 (21),€5.00m,5000000.0
Timothy Fosu-Mensah,Bayer 04 Leverkusen,"Timothy Fosu-Mensah            




            Right-Back",02/01/1998 (26),€800k,800000.0
Granit Xhaka,Bayer 04 Leverkusen,"Granit Xhaka  




            Defensive Midfield",27/09/1992 (31),€20.00m,20000000.0
Robert Andrich,Bayer 04 Leverkusen,"Robert Andrich  




            Defensive Midfield",22/09/1994 (29),€17.00m,17000000.0
Exequiel Palacios,Bayer 04 Leverkusen,"Exequiel Palacios            




            Central Midfield",05/10/1998 (25),€45.00m,45000000.0
Nadiem Amiri,Bayer 04 Leverkusen,"Nadiem Amiri            




            Central Midfield",27/10/1996 (27),€7.00m,7000000.0
Gustavo Puerta,Bayer 04 Leverkusen,"Gustavo Puerta

 




            Central Midfield",23/07/2003 (20),€3.00m,3000000.0
Noah Mbamba,Bayer 04 Leverkusen,"Noah Mbamba            




            Central Midfield",05/01/2005 (19),€2.50m,2500000.0
Florian Wirtz,Bayer 04 Leverkusen,"Florian Wirtz            




            Attacking Midfield",03/05/2003 (21),€130.00m,130000000.0
Jonas Hofmann,Bayer 04 Leverkusen,"Jonas Hofmann            




            Attacking Midfield",14/07/1992 (31),€10.00m,10000000.0
Ayman Aourir,Bayer 04 Leverkusen,"Ayman Aourir            




            Attacking Midfield",06/10/2004 (19),€300k,300000.0
Francis Onyeka,Bayer 04 Leverkusen,"Francis Onyeka            




            Attacking Midfield",29/04/2007 (17),-,
Amine Adli,Bayer 04 Leverkusen,"Amine Adli            




            Left Winger",10/05/2000 (24),€30.00m,30000000.0
Nathan Tella,Bayer 04 Leverkusen,"Nathan Tella  




            Right Winger",05/07/1999 (24),€23.00m,23000000.0
Victor Boniface,Bayer 04 Leverkusen,"Victor Boniface  




            Centre-Forward",23/12/2000 (23),€40.00m,40000000.0
Patrik Schick,Bayer 04 Leverkusen,"Patrik Schick            




            Centre-Forward",24/01/1996 (28),€22.00m,22000000.0
Adam Hlozek,Bayer 04 Leverkusen,"Adam Hlozek  




            Centre-Forward",25/07/2002 (21),€12.00m,12000000.0
Borja Iglesias,Bayer 04 Leverkusen,"Borja Iglesias            




            Centre-Forward",17/01/1993 (31),€5.00m,5000000.0
Ken Izekor,Bayer 04 Leverkusen,"Ken Izekor            




            Centre-Forward",24/05/2007 (17),-,
Gregor Kobel,Borussia Dortmund,"Gregor Kobel            




            Goalkeeper",06/12/1997 (26),€40.00m,40000000.0
Marcel Lotka,Borussia Dortmund,"Marcel Lotka            




            Goalkeeper",25/05/2001 (23),€1.30m,1300000.0
Alexander Meyer,Borussia Dortmund,"Alexander Meyer            




            Goalkeeper",13/04/1991 (33),€800k,800000.0
Nico Schlotterbeck,Borussia Dortmund,"Nico Schlotterbeck  




            Centre-Back",01/12/1999 (24),€40.00m,40000000.0
Niklas Süle,Borussia Dortmund,"Niklas Süle  




            Centre-Back",03/09/1995 (28),€15.00m,15000000.0
Emre Can,Borussia Dortmund,"Emre Can   




            Centre-Back",12/01/1994 (30),€10.00m,10000000.0
Ramy Bensebaini,Borussia Dortmund,"Ramy Bensebaini            




            Centre-Back",16/04/1995 (29),€7.00m,7000000.0
Mats Hummels,Borussia Dortmund,"Mats Hummels            




            Centre-Back",16/12/1988 (35),€5.00m,5000000.0
Hendry Blank,Borussia Dortmund,"Hendry Blank            




            Centre-Back",21/08/2004 (19),€2.50m,2500000.0
Antonios Papadopoulos,Borussia Dortmund,"Antonios Papadopoulos            




            Centre-Back",10/09/1999 (24),€1.00m,1000000.0
Ian Maatsen,Borussia Dortmund,"Ian Maatsen            




            Left-Back",10/03/2002 (22),€40.00m,40000000.0
Guille Bueno,Borussia Dortmund,"Guille Bueno  




            Left-Back",18/09/2002 (21),€600k,600000.0
Julian Ryerson,Borussia Dortmund,"Julian Ryerson            




            Right-Back",17/11/1997 (26),€20.00m,20000000.0
Marius Wolf,Borussia Dortmund,"Marius Wolf            




            Right-Back",27/05/1995 (29),€3.00m,3000000.0
Thomas Meunier,Borussia Dortmund,"Thomas Meunier  




            Right-Back",12/09/1991 (32),€2.50m,2500000.0
Mateu Morey,Borussia Dortmund,"Mateu Morey            




            Right-Back",02/03/2000 (24),€800k,800000.0
Salih Özcan,Borussia Dortmund,"Salih Özcan            




            Defensive Midfield",11/01/1998 (26),€10.00m,10000000.0
Abdoulaye Kamara,Borussia Dortmund,"Abdoulaye Kamara            




            Defensive Midfield",06/11/2004 (19),€1.50m,1500000.0
Felix Nmecha,Borussia Dortmund,"Felix Nmecha            




            Central Midfield",10/10/2000 (23),€20.00m,20000000.0
Marcel Sabitzer,Borussia Dortmund,"Marcel Sabitzer            




            Central Midfield",17/03/1994 (30),€20.00m,20000000.0
Kjell Wätjen,Borussia Dortmund,"Kjell Wätjen            




            Central Midfield",16/02/2006 (18),€2.00m,2000000.0
Julian Brandt,Borussia Dortmund,"Julian Brandt            




            Attacking Midfield",02/05/1996 (28),€40.00m,40000000.0
Giovanni Reyna,Borussia Dortmund,"Giovanni Reyna  




            Attacking Midfield",13/11/2002 (21),€18.00m,18000000.0
Thorgan Hazard,Borussia Dortmund,"Thorgan Hazard            




            Attacking Midfield",29/03/1993 (31),€5.00m,5000000.0
Marco Reus,Borussia Dortmund,"Marco Reus            




            Attacking Midfield",31/05/1989 (35),€5.00m,5000000.0
Ole Pohlmann,Borussia Dortmund,"Ole Pohlmann            




            Attacking Midfield",05/04/2001 (23),€1.50m,1500000.0
Jadon Sancho,Borussia Dortmund,"Jadon Sancho            




            Left Winger",25/03/2000 (24),€30.00m,30000000.0
Jamie Gittens,Borussia Dortmund,"Jamie Gittens  




            Left Winger",08/08/2004 (19),€28.00m,28000000.0
Julien Duranville,Borussia Dortmund,"Julien Duranville            




            Left Winger",05/05/2006 (18),€8.50m,8500000.0
Karim Adeyemi,Borussia Dortmund,"Karim Adeyemi            




            Right Winger",18/01/2002 (22),€28.00m,28000000.0
Samuel Bamba,Borussia Dortmund,"Samuel Bamba            




            Right Winger",13/02/2004 (20),€800k,800000.0
Donyell Malen,Borussia Dortmund,"Donyell Malen            




            Centre-Forward",19/01/1999 (25),€40.00m,40000000.0
Youssoufa Moukoko,Borussia Dortmund,"Youssoufa Moukoko            




            Centre-Forward",20/11/2004 (19),€22.00m,22000000.0
Niclas Füllkrug,Borussia Dortmund,"Niclas Füllkrug            




            Centre-Forward",09/02/1993 (31),€15.00m,15000000.0
Sébastien Haller,Borussia Dortmund,"Sébastien Haller  




            Centre-Forward",22/06/1994 (30),€10.00m,10000000.0
Paris Brunner,Borussia Dortmund,"Paris Brunner

 




            Centre-Forward",15/02/2006 (18),-,
Manuel Riemann,VfL Bochum,"Manuel Riemann            




            Goalkeeper",09/09/1988 (35),€600k,600000.0
Niclas Thiede,VfL Bochum,"Niclas Thiede            




            Goalkeeper",14/04/1999 (25),€350k,350000.0
Andreas Luthe,VfL Bochum,"Andreas Luthe            




            Goalkeeper",10/03/1987 (37),€300k,300000.0
Michael Esser,VfL Bochum,"Michael Esser            




            Goalkeeper",22/11/1987 (36),€300k,300000.0
Hugo Rölleke,VfL Bochum,"Hugo Rölleke            




            Goalkeeper",06/05/2005 (19),-,
Keven Schlotterbeck,VfL Bochum,"Keven Schlotterbeck            




            Centre-Back",28/04/1997 (27),€6.00m,6000000.0
Erhan Masovic,VfL Bochum,"Erhan Masovic            




            Centre-Back",22/11/1998 (25),€5.00m,5000000.0
Tim Oermann,VfL Bochum,"Tim Oermann            




            Centre-Back",06/10/2003 (20),€4.00m,4000000.0
Ivan Ordets,VfL Bochum,"Ivan Ordets            




            Centre-Back",08/07/1992 (31),€2.50m,2500000.0
Noah Loosli,VfL Bochum,"Noah Loosli            




            Centre-Back",23/01/1997 (27),€800k,800000.0
Mohammed Tolba,VfL Bochum,"Mohammed Tolba            




            Centre-Back",19/07/2004 (19),€200k,200000.0
Bernardo,VfL Bochum,"Bernardo            




            Left-Back",14/05/1995 (29),€5.50m,5500000.0
Maximilian Wittek,VfL Bochum,"Maximilian Wittek            




            Left-Back",21/08/1995 (28),€2.00m,2000000.0
Danilo Soares,VfL Bochum,"Danilo Soares            




            Left-Back",29/10/1991 (32),€700k,700000.0
Moritz Römling,VfL Bochum,"Moritz Römling            




            Left-Back",30/04/2001 (23),€150k,150000.0
Felix Passlack,VfL Bochum,"Felix Passlack            




            Right-Back",29/05/1998 (26),€1.80m,1800000.0
Cristian Gamboa,VfL Bochum,"Cristian Gamboa            




            Right-Back",24/10/1989 (34),€500k,500000.0
Jordi Osei-Tutu,VfL Bochum,"Jordi Osei-Tutu            




            Right-Back",02/10/1998 (25),€500k,500000.0
Patrick Osterhage,VfL Bochum,"Patrick Osterhage            




            Defensive Midfield",01/02/2000 (24),€7.00m,7000000.0
Anthony Losilla,VfL Bochum,"Anthony Losilla            




            Defensive Midfield",10/03/1986 (38),€500k,500000.0
Matus Bero,VfL Bochum,"Matus Bero  




            Central Midfield",06/09/1995 (28),€3.50m,3500000.0
Agon Elezi,VfL Bochum,"Agon Elezi            




            Central Midfield",01/03/2001 (23),€800k,800000.0
Mats Pannewig,VfL Bochum,"Mats Pannewig            




            Central Midfield",28/10/2004 (19),€125k,125000.0
Kevin Stöger,VfL Bochum,"Kevin Stöger            




            Attacking Midfield",27/08/1993 (30),€5.00m,5000000.0
Philipp Förster,VfL Bochum,"Philipp Förster            




            Attacking Midfield",04/02/1995 (29),€1.80m,1800000.0
Lukas Daschner,VfL Bochum,"Lukas Daschner            




            Attacking Midfield",01/10/1998 (25),€1.20m,1200000.0
Moritz-Broni Kwarteng,VfL Bochum,"Moritz-Broni Kwarteng            




            Attacking Midfield",28/04/1998 (26),€1.20m,1200000.0
Christopher Antwi-Adjei,VfL Bochum,"Christopher Antwi-Adjei  




            Left Winger",07/02/1994 (30),€1.20m,1200000.0
Takuma Asano,VfL Bochum,"Takuma Asano            




            Right Winger",10/11/1994 (29),€4.00m,4000000.0
Moritz Broschinski,VfL Bochum,"Moritz Broschinski            




            Centre-Forward",23/09/2000 (23),€3.00m,3000000.0
Philipp Hofmann,VfL Bochum,"Philipp Hofmann            




            Centre-Forward",30/03/1993 (31),€1.80m,1800000.0
Gonçalo Paciência,VfL Bochum,"Gonçalo Paciência            




            Centre-Forward",01/08/1994 (29),€1.50m,1500000.0
Simon Zoller,VfL Bochum,"Simon Zoller            




            Centre-Forward",26/06/1991 (33),€350k,350000.0
Lys Mousset,VfL Bochum,"Lys Mousset            




            Centre-Forward",08/02/1996 (28),€350k,350000.0
Manuel Neuer,Bayern Munich,"Manuel Neuer   




            Goalkeeper",27/03/1986 (38),€4.00m,4000000.0
Daniel Peretz,Bayern Munich,"Daniel Peretz            




            Goalkeeper",10/07/2000 (23),€3.00m,3000000.0
Sven Ulreich,Bayern Munich,"Sven Ulreich            




            Goalkeeper",03/08/1988 (35),€700k,700000.0
Max Schmitt,Bayern Munich,"Max Schmitt            




            Goalkeeper",18/01/2006 (18),€500k,500000.0
Tom Ritzy Hülsmann,Bayern Munich,"Tom Ritzy Hülsmann            




            Goalkeeper",11/04/2004 (20),€250k,250000.0
Matthijs de Ligt,Bayern Munich,"Matthijs de Ligt            




            Centre-Back",12/08/1999 (24),€65.00m,65000000.0
Benjamin Pavard,Bayern Munich,"Benjamin Pavard            




            Centre-Back",28/03/1996 (28),€50.00m,50000000.0
Dayot Upamecano,Bayern Munich,"Dayot Upamecano            




            Centre-Back",27/10/1998 (25),€45.00m,45000000.0
Min-jae Kim,Bayern Munich,"Min-jae Kim            




            Centre-Back",15/11/1996 (27),€45.00m,45000000.0
Eric Dier,Bayern Munich,"Eric Dier  




            Centre-Back",15/01/1994 (30),€12.00m,12000000.0
Tarek Buchmann,Bayern Munich,"Tarek Buchmann            




            Centre-Back",28/02/2005 (19),€500k,500000.0
Alphonso Davies,Bayern Munich,"Alphonso Davies            




            Left-Back",02/11/2000 (23),€50.00m,50000000.0
Raphaël Guerreiro,Bayern Munich,"Raphaël Guerreiro            




            Left-Back",22/12/1993 (30),€12.00m,12000000.0
Frans Krätzig,Bayern Munich,"Frans Krätzig            




            Left-Back",14/01/2003 (21),€2.00m,2000000.0
Adam Aznou,Bayern Munich,"Adam Aznou            




            Left-Back",02/06/2006 (18),€900k,900000.0
Matteo Pérez Vinlöf,Bayern Munich,"Matteo Pérez Vinlöf            




            Left-Back",18/12/2005 (18),€600k,600000.0
Konrad Laimer,Bayern Munich,"Konrad Laimer            




            Right-Back",27/05/1997 (27),€30.00m,30000000.0
Noussair Mazraoui,Bayern Munich,"Noussair Mazraoui            




            Right-Back",14/11/1997 (26),€30.00m,30000000.0
Sacha Boey,Bayern Munich,"Sacha Boey            




            Right-Back",13/09/2000 (23),€18.00m,18000000.0
Bouna Sarr,Bayern Munich,"Bouna Sarr            




            Right-Back",31/01/1992 (32),€1.50m,1500000.0
Max Scholze,Bayern Munich,"Max Scholze            




            Right-Back",30/04/2005 (19),€700k,700000.0
Joshua Kimmich,Bayern Munich,"Joshua Kimmich            




            Defensive Midfield",08/02/1995 (29),€50.00m,50000000.0
Ryan Gravenberch,Bayern Munich,"Ryan Gravenberch            




            Defensive Midfield",16/05/2002 (22),€35.00m,35000000.0
Aleksandar Pavlovic,Bayern Munich,"Aleksandar Pavlovic            




            Defensive Midfield",03/05/2004 (20),€30.00m,30000000.0
Noel Aseko,Bayern Munich,"Noel Aseko            




            Defensive Midfield",22/11/2005 (18),€750k,750000.0
Luca Denk,Bayern Munich,"Luca Denk  




            Defensive Midfield",02/03/2003 (21),€250k,250000.0
Leon Goretzka,Bayern Munich,"Leon Goretzka            




            Central Midfield",06/02/1995 (29),€30.00m,30000000.0
Taichi Fukui,Bayern Munich,"Taichi Fukui            




            Central Midfield",15/07/2004 (19),€700k,700000.0
Jamal Musiala,Bayern Munich,"Jamal Musiala            




            Attacking Midfield",26/02/2003 (21),€120.00m,120000000.0
Lovro Zvonarek,Bayern Munich,"Lovro Zvonarek  




            Attacking Midfield",08/05/2005 (19),€3.00m,3000000.0
Jonathan Asp Jensen,Bayern Munich,"Jonathan Asp Jensen            




            Attacking Midfield",14/01/2006 (18),€1.30m,1300000.0
Kingsley Coman,Bayern Munich,"Kingsley Coman            




            Left Winger",13/06/1996 (28),€50.00m,50000000.0
Bryan Zaragoza,Bayern Munich,"Bryan Zaragoza            




            Left Winger",09/09/2001 (22),€12.00m,12000000.0
Leroy Sané,Bayern Munich,"Leroy Sané            




            Right Winger",11/01/1996 (28),€70.00m,70000000.0
Serge Gnabry,Bayern Munich,"Serge Gnabry            




            Second Striker",14/07/1995 (28),€40.00m,40000000.0
Thomas Müller,Bayern Munich,"Thomas Müller            




            Second Striker",13/09/1989 (34),€8.00m,8000000.0
Harry Kane,Bayern Munich,"Harry Kane            




            Centre-Forward",28/07/1993 (30),€100.00m,100000000.0
Mathys Tel,Bayern Munich,"Mathys Tel            




            Centre-Forward",27/04/2005 (19),€40.00m,40000000.0
Eric-Maxim Choupo-Moting,Bayern Munich,"Eric-Maxim Choupo-Moting            




            Centre-Forward",23/03/1989 (35),€2.50m,2500000.0
